date,open,high,low,close,volume,daily_return,cumulative_return
2023-10-04 05:30:00,1531.8,1537.9,1501.75,1522.1,2580901,-0.0099518667880839,0.9900481332119161
2023-10-05 05:30:00,1533.0,1550.8,1513.05,1537.95,1991367,0.0104132448590763,1.0003577468453233
2023-10-06 05:30:00,1545.0,1554.0,1540.35,1548.85,1743027,0.0070873565460514,1.0074476388708207
2023-10-09 05:30:00,1540.0,1541.25,1514.0,1515.2,2123175,-0.021725796558737,0.9855600364251333
2023-10-10 05:30:00,1521.45,1543.85,1519.2,1537.85,1956653,0.014948521647307,1.0002927019643553
2023-10-11 05:30:00,1540.0,1559.15,1540.0,1556.3,1536986,0.0119972689143934,1.0122934825029268
2023-10-12 05:30:00,1559.0,1570.05,1555.6,1566.65,1731806,0.0066503887425304,1.0190256276831011
2023-10-13 05:30:00,1560.5,1574.4,1550.3,1562.45,1465554,-0.0026808795838253,1.0162937426824508
2023-10-16 05:30:00,1562.85,1577.25,1558.5,1574.55,1089610,0.0077442478159299,1.0241641732795626
2023-10-17 05:30:00,1575.0,1583.9,1568.6,1576.6,997962,0.0013019592899559,1.025497593339404
2023-10-18 05:30:00,1576.6,1579.45,1561.75,1574.85,1212994,-0.0011099835088164,1.0243593079224662
2023-10-19 05:30:00,1553.35,1578.9,1553.35,1569.55,1239578,-0.0033653998793535,1.0209119292311692
2023-10-20 05:30:00,1566.0,1575.0,1545.1,1558.25,1435102,-0.007199515784779,1.0135618576818004
2023-10-23 05:30:00,1548.25,1574.9,1546.5,1565.15,4069167,0.0044280442804429,1.0180499544685835
2023-10-25 05:30:00,1574.0,1576.6,1547.0,1569.1,2510769,0.0025237197712677,1.020619227266814
2023-10-26 05:30:00,1554.0,1558.2,1500.0,1506.1,3343802,-0.0401504046905869,0.9796409522570573
2023-10-27 05:30:00,1508.35,1533.95,1507.3,1510.8,3341111,0.0031206427196068,0.982698061662547
2023-10-30 05:30:00,1502.1,1515.45,1463.2,1497.8,2637486,-0.0086047127349748,0.9742422271367243
2023-10-31 05:30:00,1494.2,1497.3,1455.55,1458.6,2555737,-0.0261717185204967,0.9487446337973201
2023-11-01 05:30:00,1464.9,1485.0,1450.0,1454.6,2627536,-0.0027423556835322,0.9461428385586054
2023-11-02 05:30:00,1465.0,1477.5,1452.5,1469.7,2091122,0.0103808607177231,0.9559646155847534
2023-11-03 05:30:00,1480.0,1488.1,1460.45,1469.0,2456723,-0.0004762876777574,0.9555093014179783
2023-11-06 05:30:00,1481.8,1492.2,1473.55,1488.3,1271868,0.0131381892443838,0.9680629634447767
2023-11-07 05:30:00,1488.25,1497.0,1475.0,1479.75,1940908,-0.0057448095142108,0.9625016261220241
2023-11-08 05:30:00,1485.05,1489.4,1474.0,1487.4,1342202,0.0051697921946274,0.967477559516066
2023-11-09 05:30:00,1487.4,1558.7,1487.4,1552.05,4831782,0.0434651068979425,1.0095290750617925
2023-11-10 05:30:00,1550.0,1551.0,1515.3,1524.1,4872228,-0.0180084404497278,0.9913490308312733
2023-11-12 05:30:00,1540.0,1540.0,1523.35,1526.25,340544,0.0014106685912997,0.9927474957720825
2023-11-13 05:30:00,1526.25,1543.3,1513.05,1540.25,1968032,0.0091728091728091,1.001853779107584
2023-11-15 05:30:00,1549.0,1550.8,1533.55,1544.15,2782942,0.0025320564843369,1.004390529465331
2023-11-16 05:30:00,1544.2,1583.95,1538.5,1569.5,3224223,0.0164167988861185,1.0208794067906855
2023-11-17 05:30:00,1575.0,1596.0,1572.65,1584.55,2035309,0.0095890410958903,1.0306686613763494
2023-11-20 05:30:00,1589.8,1589.8,1540.6,1552.2,2918577,-0.0204158909469565,1.0096266423832443
2023-11-21 05:30:00,1553.0,1571.4,1549.15,1559.75,2213144,0.00486406390929,1.0145375308963183
2023-11-22 05:30:00,1560.0,1564.65,1535.0,1543.45,1269475,-0.0104503926911363,1.003935215298556
2023-11-23 05:30:00,1556.6,1560.95,1535.1,1545.85,1552635,0.0015549580485274,1.0054962924417845
2023-11-24 05:30:00,1549.0,1559.5,1547.5,1553.2,1239270,0.0047546657178898,1.0102770911929229
2023-11-28 05:30:00,1553.2,1572.0,1542.15,1566.05,2596766,0.0082732423383979,1.0186353583972938
2023-11-29 05:30:00,1576.0,1623.4,1567.25,1619.1,3581220,0.0338750359183934,1.0531416677507477
2023-11-30 05:30:00,1615.05,1660.0,1613.7,1647.75,5214960,0.0176950157494906,1.071777026148042
2023-12-01 05:30:00,1656.0,1666.0,1621.2,1625.5,2489755,-0.0135032620239721,1.0573045401326913
2023-12-04 05:30:00,1662.85,1675.0,1639.45,1656.85,3001010,0.0192863734235619,1.0776961103161178
2023-12-05 05:30:00,1660.9,1708.0,1640.6,1686.05,3423953,0.017623804206778,1.0966892155587353
2023-12-06 05:30:00,1688.1,1710.45,1684.15,1702.4,2279220,0.0096972213160939,1.107324053596982
2023-12-07 05:30:00,1703.0,1706.0,1681.65,1692.65,2461051,-0.0057272086466165,1.100982177702615
2023-12-08 05:30:00,1699.0,1708.15,1662.55,1668.55,1942667,-0.0142380291259268,1.0853063613893588
2023-12-11 05:30:00,1674.0,1674.45,1647.1,1652.2,2037178,-0.00979892721225,1.0746715233511126
2023-12-12 05:30:00,1663.0,1670.0,1626.5,1635.4,2051527,-0.0101682605011499,1.063743983348511
2023-12-13 05:30:00,1639.0,1670.5,1629.55,1666.15,2247441,0.0188027393909746,1.0837452842461304
2023-12-14 05:30:00,1676.0,1709.85,1671.05,1703.55,3326228,0.0224469585571527,1.108072069728113
2023-12-15 05:30:00,1727.9,1739.6,1698.0,1724.95,3858594,0.0125620028763464,1.1219916742552367
2023-12-18 05:30:00,1720.0,1731.85,1698.75,1710.8,1739425,-0.008203136322792,1.1127878235982833
2023-12-19 05:30:00,1720.0,1723.85,1691.3,1699.35,1660221,-0.0066927753097966,1.1053401847274624
2023-12-20 05:30:00,1710.0,1711.95,1640.6,1646.95,3047660,-0.0308353193868242,1.0712566671002999
2023-12-21 05:30:00,1635.0,1653.15,1620.4,1633.85,3211338,-0.0079540969671211,1.062735787693509
2023-12-22 05:30:00,1630.0,1652.0,1622.75,1634.25,2751274,0.0002448205159593,1.0629959672173805
2023-12-26 05:30:00,1640.9,1669.0,1634.5,1662.25,1203594,0.0171332415481106,1.0812085338883834
2023-12-27 05:30:00,1670.0,1691.8,1660.25,1687.95,1793638,0.0154609715746729,1.0979250682971256
2023-12-28 05:30:00,1688.95,1739.95,1688.4,1734.45,2963938,0.0275482093663912,1.1281709379471843
2023-12-29 05:30:00,1730.0,1758.0,1715.0,1729.4,2273255,-0.0029115858052984,1.1248861714583072
2024-01-01 05:30:00,1729.4,1730.0,1699.0,1703.3,1307485,-0.0150919394009483,1.1079094575256936
2024-01-02 05:30:00,1703.6,1705.0,1649.45,1656.2,2857334,-0.0276522045441202,1.0772733185898278
2024-01-03 05:30:00,1672.0,1678.2,1648.05,1655.25,1927812,-0.0005736022219539,1.076655392220633
2024-01-04 05:30:00,1666.9,1674.45,1638.2,1641.7,2835768,-0.0081860746110858,1.0678418108494871
2024-01-05 05:30:00,1647.95,1661.5,1636.5,1642.0,1709313,0.0001827374063469,1.0680369454923906
2024-01-08 05:30:00,1648.15,1653.4,1606.1,1616.15,1492195,-0.0157429963459195,1.0512228437621969
2024-01-09 05:30:00,1625.0,1636.8,1615.0,1629.9,2542484,0.0085078736503418,1.0601665148952788
2024-01-10 05:30:00,1645.0,1647.45,1621.35,1632.8,1954233,0.001779250260752,1.062052816443347
2024-01-11 05:30:00,1643.9,1651.25,1625.85,1628.65,2228002,-0.0025416462518372,1.0593534538831806
2024-01-12 05:30:00,1630.0,1633.85,1601.5,1624.45,3061539,-0.0025788229515243,1.05662156888253
2024-01-15 05:30:00,1635.0,1640.9,1616.1,1635.55,1405514,0.0068330819662039,1.0638415506699632
2024-01-16 05:30:00,1638.0,1640.0,1617.55,1620.35,2236688,-0.009293509828498,1.0539547287628475
2024-01-17 05:30:00,1612.0,1615.0,1591.0,1597.7,2548169,-0.0139784614435152,1.0392220632236255
2024-01-18 05:30:00,1600.0,1623.3,1580.65,1617.25,2328588,0.0122363397383737,1.0519383374528435
2024-01-19 05:30:00,1624.95,1659.0,1622.25,1655.55,2836976,0.02368217653424,1.0768505268635367
2024-01-20 05:30:00,1660.5,1673.95,1616.0,1622.3,711300,-0.0200839600132886,1.0552231039417206
2024-01-23 05:30:00,1619.0,1647.6,1588.25,1595.2,2772880,-0.0167046785428095,1.0375959411994284
2024-01-24 05:30:00,1595.0,1632.3,1575.0,1628.1,2543323,0.020624373119358,1.058995707037857
2024-01-25 05:30:00,1631.6,1642.75,1603.9,1635.5,2038472,0.0045451753577789,1.0638090282294792
2024-01-29 05:30:00,1635.5,1645.0,1625.0,1640.0,3075670,0.0027514521553042,1.0667360478730332
2024-01-30 05:30:00,1649.95,1659.5,1614.45,1620.35,2569098,-0.0119817073170732,1.0539547287628472
2024-01-31 05:30:00,1615.05,1658.3,1609.05,1651.55,3154787,0.0192550992069615,1.0742487316248222
2024-02-01 05:30:00,1659.25,1702.6,1645.55,1651.15,4065784,-0.0002421967242892,1.073988552100951
2024-02-02 05:30:00,1655.0,1687.05,1650.0,1660.75,3304158,0.0058141295460738,1.080232860673866
2024-02-05 05:30:00,1676.7,1712.85,1665.1,1703.55,3525423,0.0257714887851874,1.1080720697281135
2024-02-06 05:30:00,1710.95,1730.0,1706.0,1727.65,2219874,0.014146928472895,1.1237478860413699
2024-02-07 05:30:00,1731.45,1752.0,1715.7,1721.0,1213661,-0.0038491592625822,1.1194224014570064
2024-02-08 05:30:00,1729.0,1743.9,1675.55,1685.9,2550690,-0.0203951191167924,1.096591648237285
2024-02-09 05:30:00,1686.0,1689.75,1628.0,1646.4,2033950,-0.0234296221602704,1.0708989202549772
2024-02-12 05:30:00,1654.0,1675.05,1640.55,1660.45,1197925,0.0085337706511174,1.0800377260309626
2024-02-13 05:30:00,1670.0,1679.4,1623.45,1646.75,2075130,-0.0082507753922129,1.0711265773383647
2024-02-14 05:30:00,1631.0,1679.65,1623.9,1657.05,4368695,0.0062547441931075,1.077826200078055
2024-02-15 05:30:00,1681.05,1784.9,1668.1,1765.05,9887134,0.0651760659002445,1.1480746715233523
2024-02-16 05:30:00,1788.0,1864.65,1776.85,1835.55,7188957,0.0399422112688026,1.1939313126056992
2024-02-19 05:30:00,1836.05,1856.45,1820.0,1848.55,2682236,0.0070823458908773,1.202387147131522
2024-02-20 05:30:00,1837.4,1860.0,1820.5,1853.65,1830562,0.0027589191528496,1.2057044360608833
2024-02-21 05:30:00,1849.9,1889.7,1846.7,1859.65,4466234,0.0032368570118415,1.2096071289189554
2024-02-22 05:30:00,1870.95,1917.0,1853.0,1910.35,3360123,0.0272631946871722,1.2425848835696642
2024-02-23 05:30:00,1926.35,1947.85,1901.1,1929.95,3323441,0.0102599000183212,1.2553336802393662
2024-02-26 05:30:00,1935.0,1951.0,1925.2,1929.8,2436063,-7.772222078294977e-05,1.2552361129179144
2024-02-27 05:30:00,1926.0,1956.95,1915.05,1950.6,2821465,0.0107783189967871,1.2687654481592308
2024-02-28 05:30:00,1951.95,1953.15,1897.05,1901.65,2010429,-0.0250948426125293,1.2369259789254596
2024-02-29 05:30:00,1902.85,1950.9,1892.55,1932.4,5539065,0.0161701680119896,1.256927279823079
2024-03-01 05:30:00,1933.6,1982.3,1930.5,1972.95,3384932,0.0209842682674394,1.2833029790555495
2024-03-02 05:30:00,1978.0,1978.0,1957.0,1960.1,110564,-0.006513089535974,1.2749447118511785
2024-03-04 05:30:00,1967.0,1974.95,1919.05,1921.05,1645331,-0.0199224529360746,1.2495446858332262
2024-03-05 05:30:00,1925.0,1968.0,1923.05,1939.25,2208384,0.0094739855808021,1.2613828541693781
2024-03-06 05:30:00,1945.0,1979.9,1922.0,1970.65,1673183,0.0161918267371405,1.2818069467932887
2024-03-07 05:30:00,1930.15,1932.15,1884.3,1897.55,18323831,-0.0370943597290235,1.234259138805777
2024-03-11 05:30:00,1913.0,1913.7,1873.3,1894.35,3250782,-0.0016863850754921,1.2321777026148053
2024-03-12 05:30:00,1892.0,1898.35,1876.65,1895.15,3186510,0.0004223084435295,1.2326980616625483
2024-03-13 05:30:00,1896.0,1901.4,1844.25,1853.7,4270994,-0.0218716196607129,1.2057369585013669
2024-03-14 05:30:00,1853.7,1895.6,1844.6,1890.55,2388133,0.0198791605977233,1.229705997138026
2024-03-15 05:30:00,1875.0,1882.1,1788.8,1799.5,5504948,-0.0481605881886223,1.1704826330167823
2024-03-18 05:30:00,1807.95,1867.4,1801.05,1856.05,3404076,0.0314253959433175,1.2072655132041115
2024-03-19 05:30:00,1856.05,1865.0,1826.8,1843.9,2189225,-0.0065461598556072,1.1993625601665157
2024-03-20 05:30:00,1851.95,1859.05,1820.55,1844.4,1550415,0.0002711643798469,1.199687784571355
2024-03-21 05:30:00,1859.95,1875.0,1845.0,1865.85,2072960,0.0116297983083928,1.2136399115389624
2024-03-22 05:30:00,1865.85,1905.45,1847.25,1878.8,3786990,0.0069405364847121,1.2220632236243014
2024-03-26 05:30:00,1878.2,1917.5,1861.1,1863.95,4092744,-0.0079039812646369,1.2124040588005731
2024-03-27 05:30:00,1869.9,1899.9,1855.3,1881.15,4196597,0.0092277153357118,1.2235917783270465
2024-03-28 05:30:00,1881.15,1962.95,1870.35,1921.35,3790854,0.0213699067060042,1.2497398204761292
2024-04-01 05:30:00,1938.0,1963.85,1891.8,1915.95,2765845,-0.0028105238504175,1.2462273969038646
2024-04-02 05:30:00,1915.95,1977.5,1901.45,1971.95,3431715,0.0292283201544925,1.2826525302458707
2024-04-03 05:30:00,1967.0,2003.3,1956.2,1989.3,3615370,0.0087983975252921,1.2939378170937956
2024-04-04 05:30:00,1999.0,2015.0,1963.2,2002.7,3007920,0.006736037802242,1.30265383114349
2024-04-05 05:30:00,1995.35,2027.45,1992.25,2013.3,2767027,0.0052928546462276,1.3095485885260842
2024-04-08 05:30:00,2018.0,2087.0,2016.9,2078.1,2781568,0.032185963343764,1.3516976713932627
2024-04-09 05:30:00,2095.0,2098.65,2070.1,2090.9,2853137,0.006159472595159,1.3600234161571498
2024-04-10 05:30:00,2098.45,2108.6,2070.0,2076.2,2280814,-0.0070304653498495,1.350461818654873
2024-04-12 05:30:00,2084.0,2087.5,2051.65,2070.95,4008660,-0.0025286581254214,1.34704696240406
2024-04-15 05:30:00,2055.25,2083.9,2035.0,2053.45,2024919,-0.0084502281561602,1.335664108234683
2024-04-16 05:30:00,2047.05,2073.75,2027.75,2031.3,1981730,-0.0107867247802477,1.3212566671003005
2024-04-18 05:30:00,2031.3,2087.0,2016.5,2024.95,3539862,-0.0031260768965686,1.317126317158841
2024-04-19 05:30:00,2034.0,2087.0,1998.2,2082.9,3253248,0.0286179905676684,1.3548198256797206
2024-04-22 05:30:00,2124.55,2133.0,2065.0,2090.65,2449171,0.0037207739209754,1.3598608039547302
2024-04-23 05:30:00,2096.0,2114.0,2056.85,2062.6,2886136,-0.0134168799177289,1.3416157148432433
2024-04-24 05:30:00,2055.0,2090.85,2052.95,2058.45,1929834,-0.0020120236594589,1.338916352283077
2024-04-25 05:30:00,2060.0,2113.95,2041.9,2096.85,3084498,0.0186548130875172,1.3638935865747381
2024-04-26 05:30:00,2099.55,2103.0,2038.8,2044.9,2952484,-0.024775258125283,1.3301027709119309
2024-04-29 05:30:00,2045.5,2068.35,2001.0,2062.05,2724604,0.0083867181769279,1.3412579679979202
2024-04-30 05:30:00,2073.05,2169.0,2073.05,2156.35,5745143,0.0457311898353578,1.4025952907506194
2024-05-02 05:30:00,2165.1,2204.0,2165.1,2185.15,3347541,0.0133559023349643,1.4213282164693655
2024-05-03 05:30:00,2210.0,2210.0,2172.35,2193.0,3859227,0.0035924307255794,1.426434239625343
2024-05-06 05:30:00,2200.45,2240.0,2190.0,2224.95,2111447,0.0145690834473324,1.447216079094577
2024-05-07 05:30:00,2236.0,2236.9,2164.85,2191.5,1727823,-0.0150340457088922,1.4254585664108252
2024-05-08 05:30:00,2191.7,2195.0,2160.0,2182.4,1993202,-0.0041524070271503,1.4195394822427494
2024-05-09 05:30:00,2185.55,2256.75,2185.0,2212.55,3998822,0.0138150659824047,1.4391505138545617
2024-05-10 05:30:00,2211.85,2231.65,2183.0,2193.05,3045912,-0.008813360150053,1.4264667620658278
2024-05-13 05:30:00,2208.0,2208.05,2160.0,2184.25,2575573,-0.0040126764095667,1.4207428125406552
2024-05-14 05:30:00,2175.0,2280.35,2175.0,2269.9,3830189,0.039212544351608,1.476453753089634
2024-05-15 05:30:00,2281.3,2317.15,2256.0,2302.3,2569084,0.0142737565531521,1.4975282945232231
2024-05-16 05:30:00,2319.45,2393.9,2286.2,2371.75,7444517,0.0301654866872256,1.5427019643554072
2024-05-17 05:30:00,2425.35,2557.95,2425.35,2514.6,9796445,0.0602297881311266,1.6356185768180063
2024-05-18 05:30:00,2527.95,2527.95,2500.05,2503.7,257091,-0.0043346854370476,1.6285286847925087
2024-05-21 05:30:00,2503.0,2536.95,2467.0,2522.65,3747292,0.0075687981786956,1.6408546897359197
2024-05-22 05:30:00,2521.7,2535.0,2490.0,2521.05,2974921,-0.0006342536618237,1.639813971640434
2024-05-23 05:30:00,2520.0,2617.4,2500.25,2609.2,4715263,0.0349655897344358,1.6971510342136094
2024-05-24 05:30:00,2589.8,2605.0,2572.4,2579.75,2919241,-0.0112869845163268,1.6779953167685724
2024-05-27 05:30:00,2581.15,2589.75,2541.0,2549.1,3328559,-0.011880996220564,1.6580590607519208
2024-05-28 05:30:00,2550.0,2581.95,2548.0,2552.8,1549203,0.0014514926836923,1.660465721347732
2024-05-29 05:30:00,2510.25,2547.0,2500.6,2533.65,2720451,-0.0075015669069257,1.6480096266423854
2024-05-30 05:30:00,2518.0,2531.45,2478.0,2493.5,3367101,-0.0158467033726047,1.6218941069337864
2024-05-31 05:30:00,2517.75,2569.2,2495.15,2506.25,8769724,0.0051132945658711,1.6301873292571893
2024-06-03 05:30:00,2575.05,2654.35,2570.4,2634.0,2701157,0.0509725685785535,1.7132821646936405
2024-06-04 05:30:00,2634.25,2639.0,2448.2,2572.9,6372249,-0.0231966590736522,1.6735397424222733
2024-06-05 05:30:00,2572.9,2753.7,2571.8,2740.95,4242881,0.0653154028528117,1.782847664888775
2024-06-06 05:30:00,2745.0,2761.9,2670.9,2699.85,4992660,-0.0149948010726207,1.7561142188109815
2024-06-07 05:30:00,2668.35,2867.6,2668.35,2857.45,6447821,0.0583736133488896,1.8586249512163413
2024-06-10 05:30:00,2861.0,2886.0,2800.0,2807.55,2021106,-0.017463122714308,1.8261675556133754
2024-06-11 05:30:00,2821.0,2855.0,2813.4,2835.55,2298974,0.0099731082260334,1.8443801222843785
2024-06-12 05:30:00,2835.55,2848.6,2782.05,2787.55,2580846,-0.016927932852533,1.813158579419802
2024-06-13 05:30:00,2850.0,2879.1,2788.65,2861.7,2492637,0.0266004197234128,1.8613893586574757
2024-06-14 05:30:00,2875.0,2946.0,2865.0,2928.6,3515019,0.0233777125484853,1.9049043840249795
2024-06-18 05:30:00,2965.0,3013.5,2956.65,2961.9,4887512,0.0113706207744315,1.9265643293872796
2024-06-19 05:30:00,2975.0,2977.0,2926.45,2933.85,3512298,-0.0094702724602451,1.9083192402757927
2024-06-20 05:30:00,2945.05,2954.75,2857.3,2871.2,4024418,-0.0213541932954991,1.8675686223494234
2024-06-21 05:30:00,2884.75,2920.9,2825.05,2839.95,8400461,-0.0108839509612705,1.8472420970469647
2024-06-24 05:30:00,2836.5,2923.95,2813.05,2915.8,2699784,0.026708216693956,1.8965786392610928
2024-06-25 05:30:00,2921.2,2947.0,2891.05,2909.4,1910886,-0.0021949379244118,1.8924157668791493
2024-06-26 05:30:00,2907.05,2912.95,2844.6,2851.5,3282318,-0.0199010105176324,1.8547547807987539
2024-06-27 05:30:00,2842.0,2905.0,2793.05,2888.95,6900180,0.0131334385411185,1.87911408872122
2024-06-28 05:30:00,2855.0,2896.0,2855.0,2866.65,2548169,-0.0077190674812647,1.8646090802653859
2024-07-01 05:30:00,2841.0,2894.05,2838.25,2875.85,1718501,0.0032093209844241,1.8705932093144295
2024-07-02 05:30:00,2890.2,2891.0,2850.0,2865.15,1507890,-0.0037206391153918,1.863633407050868
2024-07-03 05:30:00,2871.0,2895.0,2865.1,2877.95,1019710,0.0044674798876147,1.8719591518147547
2024-07-04 05:30:00,2890.0,2922.0,2885.05,2902.8,1502213,0.0086346183915635,1.88812280473527
2024-07-05 05:30:00,2886.0,2886.0,2840.0,2880.6,1966103,-0.0076477883422902,1.8736828411604034
2024-07-08 05:30:00,2880.6,2918.6,2847.5,2851.35,1631998,-0.010154134555301,1.854657213477302
2024-07-09 05:30:00,2855.35,2940.0,2837.25,2925.5,2902129,0.0260052255948937,1.9028879927149762
2024-07-10 05:30:00,2930.0,2930.0,2697.9,2732.0,14481615,-0.0661425397367971,1.7770261480421519
2024-07-11 05:30:00,2757.95,2757.95,2691.0,2698.05,4314565,-0.012426793557833,1.7549434109535609
2024-07-12 05:30:00,2689.65,2722.3,2687.15,2703.95,3398732,0.0021867645151125,1.7587810589306647
2024-07-15 05:30:00,2722.85,2739.0,2708.1,2731.05,2017720,0.0100223746740879,1.776408221672957
2024-07-16 05:30:00,2754.95,2766.85,2740.0,2756.75,1925983,0.0094103000677394,1.793124756081699
2024-07-18 05:30:00,2756.0,2825.95,2736.5,2819.45,4122844,0.0227441733925817,1.833907896448552
2024-07-19 05:30:00,2819.95,2819.95,2743.0,2749.3,2042568,-0.0248807391512527,1.788278912449593
2024-07-22 05:30:00,2751.05,2819.0,2725.0,2804.75,2208103,0.0201687702324226,1.8243462989462755
2024-07-23 05:30:00,2824.0,2854.5,2743.4,2821.35,2572524,0.0059185310633746,1.8351437491869418
2024-07-24 05:30:00,2823.0,2830.4,2763.65,2805.5,2276082,-0.0056178779662218,1.8248341355535347
2024-07-25 05:30:00,2799.8,2827.0,2781.8,2811.4,1857122,0.0021030119408305,1.828671783530639
2024-07-26 05:30:00,2821.6,2897.4,2790.0,2887.8,2352661,0.0271750729174078,1.8783660725900904
2024-07-29 05:30:00,2900.0,2945.0,2875.5,2933.0,2388937,0.0156520534663064,1.9077663587875666
2024-07-30 05:30:00,2945.0,2950.0,2904.6,2922.1,2290006,-0.0037163314012956,1.900676466762069
2024-07-31 05:30:00,2937.0,2979.6,2872.95,2907.8,4238740,-0.0048937408028472,1.891375048783664
2024-08-01 05:30:00,2926.5,2926.5,2820.1,2828.4,4971708,-0.0273058669784717,1.839729413295177
2024-08-02 05:30:00,2810.3,2810.3,2733.85,2749.65,3041513,-0.0278425965210012,1.7885065695329811
2024-08-05 05:30:00,2679.65,2729.2,2635.8,2678.95,3731770,-0.0257123633917044,1.7425198386886986
2024-08-06 05:30:00,2688.3,2748.75,2625.7,2632.95,3069277,-0.0171709065118796,1.7125991934434794
2024-08-07 05:30:00,2697.5,2704.75,2661.0,2680.85,2479171,0.0181925216961962,1.7437556914270882
2024-08-08 05:30:00,2660.5,2716.5,2656.5,2682.95,2673182,0.00078333364418,1.7451216339274134
2024-08-09 05:30:00,2734.0,2765.0,2705.0,2749.15,2279076,0.0246743323580387,1.7881813451281419
2024-08-12 05:30:00,2749.15,2757.0,2708.7,2717.65,2321474,-0.0114580870450866,1.7676922076232637
2024-08-13 05:30:00,2718.1,2738.65,2704.1,2718.05,1292521,0.000147185987894,1.7679523871471354
2024-08-14 05:30:00,2728.8,2771.95,2715.3,2745.25,2609359,0.010007174260959,1.7856445947703954
2024-08-16 05:30:00,2789.0,2845.05,2776.15,2840.45,4376092,0.0346780803205535,1.8475673214518054
2024-08-19 05:30:00,2859.9,2859.9,2760.0,2765.15,2500718,-0.0265098839972538,1.798588526083001
2024-08-20 05:30:00,2779.75,2783.2,2748.5,2771.3,1762399,0.0022241108077318,1.8025887862625247
2024-08-21 05:30:00,2774.0,2780.95,2755.0,2769.4,1497501,-0.0006855988164399,1.8013529335241352
2024-08-22 05:30:00,2771.1,2775.75,2724.05,2732.95,2346622,-0.0131616956741533,1.7776440744113473
2024-08-23 05:30:00,2732.95,2769.0,2725.3,2759.0,1943539,0.0095318245851552,1.7945882659034769
2024-08-26 05:30:00,2764.95,2799.0,2753.1,2793.1,2765969,0.0123595505617977,1.8167685703135197
2024-08-27 05:30:00,2797.95,2800.0,2773.95,2780.8,1604159,-0.0044037091403815,1.8087680499544723
2024-08-28 05:30:00,2781.9,2827.0,2780.8,2798.0,1851275,0.0061852704257767,1.8199557694809456
2024-08-29 05:30:00,2789.35,2801.65,2741.65,2757.6,2237121,-0.0144388849177984,1.793677637569927
2024-08-30 05:30:00,2780.0,2821.55,2765.0,2805.4,4895220,0.0173339135480128,1.824769090672568
2024-09-02 05:30:00,2848.8,2848.8,2756.5,2777.0,2270687,-0.0101233335709702,1.8062963444776936
2024-09-03 05:30:00,2780.0,2798.1,2772.6,2784.85,1592710,0.0028267915016204,1.8114023676336712
2024-09-04 05:30:00,2761.0,2779.9,2731.1,2749.6,1697000,-0.0126577733091548,1.7884740470924978
2024-09-05 05:30:00,2756.2,2760.0,2711.9,2723.1,2360312,-0.0096377654931626,1.7712371536360128
2024-09-06 05:30:00,2723.0,2738.9,2680.1,2698.1,2835519,-0.0091807131577981,1.7549759333940458
2024-09-09 05:30:00,2688.15,2714.3,2660.05,2708.85,1269082,0.0039842852377598,1.7619682580980915
2024-09-10 05:30:00,2691.25,2715.0,2677.0,2690.0,2034126,-0.0069586724994,1.7497072980356487
2024-09-11 05:30:00,2681.5,2708.0,2644.1,2654.25,2034245,-0.0132899628252788,1.7264537530896358
2024-09-12 05:30:00,2665.0,2751.6,2635.6,2740.9,3730285,0.0326457568051239,1.7828151424482934
2024-09-13 05:30:00,2755.0,2758.55,2711.75,2739.1,2102332,-0.0006567185960816,1.7816443345908717
2024-09-16 05:30:00,2740.2,2784.3,2732.05,2757.4,1234752,0.0066810266145815,1.7935475478079919
2024-09-17 05:30:00,2765.0,2793.5,2745.3,2787.65,1387175,0.010970479437151,1.813223624300772
2024-09-18 05:30:00,2781.5,2848.0,2777.65,2808.2,2526756,0.0073718006205942,1.8265903473396687
2024-09-19 05:30:00,2812.0,2852.0,2792.2,2797.5,2807727,-0.0038102699237945,1.819630545076107
2024-09-20 05:30:00,2798.7,2960.0,2798.5,2950.85,12492909,0.0548168007149239,1.9193768700403322
2024-09-23 05:30:00,2962.75,3056.9,2956.15,3049.8,3925490,0.0335327109138046,1.9837387797580377
2024-09-24 05:30:00,3020.0,3098.55,3020.0,3074.3,3697722,0.0080333136599122,1.9996747755951656
2024-09-25 05:30:00,3045.0,3149.0,3034.55,3091.05,4218815,0.00544839475653,2.0105697931572837
2024-09-26 05:30:00,3072.0,3197.2,3045.65,3181.1,4753617,0.0291324954303553,2.0691427084688487
2024-09-27 05:30:00,3171.0,3222.1,3152.55,3183.65,6803795,0.0008016095061458,2.07080135293353
2024-09-30 05:30:00,3163.15,3179.0,3087.0,3094.9,3554400,-0.0278768080662132,2.0130740210745475
2024-10-01 05:30:00,3105.5,3185.45,3095.8,3165.5,4028211,0.022811722511228,2.0589957070378624
2024-10-03 05:30:00,3085.0,3171.0,3072.45,3129.85,3237011,-0.0112620439109145,2.0358072069728177
2024-10-04 05:30:00,3127.05,3157.6,3009.5,3017.45,4281562,-0.0359122641660143,1.962696760764934
2024-10-07 05:30:00,3028.0,3066.95,2982.9,3060.2,2732276,0.0141675918407926,1.9905034473786973
2024-10-08 05:30:00,3074.0,3176.9,3066.0,3165.85,6060165,0.0345238873276256,2.05922336412125
2024-10-09 05:30:00,3164.8,3204.3,3145.0,3153.0,2432656,-0.0040589415164963,2.050865096916879
2024-10-10 05:30:00,3156.0,3220.3,3155.0,3194.3,2507231,0.0130986362194736,2.0777286327566085
2024-10-11 05:30:00,3200.0,3210.5,3121.0,3134.35,1652856,-0.0187678051529287,2.0387342266163713
2024-10-14 05:30:00,3151.0,3174.0,3115.0,3154.9,2425178,0.006556383301163,2.0521009496552685
2024-10-15 05:30:00,3177.0,3192.95,3086.55,3155.8,2245701,0.0002852705315541,2.0526863535839794
2024-10-16 05:30:00,3138.0,3147.9,3052.15,3068.0,1972106,-0.0278217884530072,1.9955769480941912
2024-10-17 05:30:00,3055.0,3065.3,2952.2,2964.6,3622197,-0.033702737940026,1.928320541173416
2024-10-18 05:30:00,2945.35,2988.85,2914.7,2964.25,3407751,-0.0001180597719759,1.9280928840900287
2024-10-21 05:30:00,2959.75,3001.4,2892.9,2998.2,5059952,0.0114531500379522,1.9501756211786199
2024-10-22 05:30:00,3005.0,3008.95,2878.2,2887.2,4195638,-0.0370222133279968,1.8779758033042864
2024-10-23 05:30:00,2876.15,2924.9,2781.25,2793.5,7913897,-0.0324535882515931,1.8170287498373943
2024-10-24 05:30:00,2763.0,2842.2,2763.0,2826.35,3992102,0.011759441560766,1.8383959932353389
2024-10-25 05:30:00,2825.0,2825.05,2679.3,2720.85,4532596,-0.0373272949210111,1.7697736438142384
2024-10-28 05:30:00,2730.0,2834.9,2713.9,2781.0,2813985,0.0221070621313193,1.8088981397164112
2024-10-29 05:30:00,2762.0,2797.95,2702.55,2746.9,3156567,-0.0122617763394462,1.7867178353063682
2024-10-30 05:30:00,2689.25,2755.85,2669.05,2707.7,5677865,-0.0142706323491937,1.7612202419669638
2024-10-31 05:30:00,2707.7,2752.0,2671.6,2728.55,3833325,0.0077002622151642,1.7747820996487644
2024-11-01 05:30:00,2780.0,2840.9,2780.0,2817.65,1061709,0.0326547067123563,1.832737088591135
2024-11-04 05:30:00,2804.5,2971.75,2804.5,2883.95,7559263,0.0235302468369029,1.8758618446728312
2024-11-05 05:30:00,2875.5,2908.0,2822.1,2899.45,3562624,0.0053745730681877,1.8859438012228509
2024-11-06 05:30:00,2910.0,2953.8,2885.4,2934.55,2902347,0.0121057441928642,1.9087745544425727
2024-11-07 05:30:00,2971.75,2972.55,2857.95,2891.35,4251557,-0.0147211667887752,1.8806751658644536
2024-11-08 05:30:00,2910.0,2990.95,2851.25,2974.9,4455563,0.0288965362201047,1.9350201639131073
2024-11-11 05:30:00,2962.35,3009.6,2889.05,2930.6,2628672,-0.0148912568489697,1.9062052816443416
2024-11-12 05:30:00,2931.2,2945.9,2880.0,2898.55,2414528,-0.0109363270320069,1.8853583972941403
2024-11-13 05:30:00,2876.0,2895.0,2782.9,2798.95,3949602,-0.0343620085905023,1.8205736958501435
2024-11-14 05:30:00,2815.0,2842.4,2736.25,2807.2,2478112,0.0029475338966398,1.8259398985299926
2024-11-18 05:30:00,2844.0,2874.7,2800.05,2846.9,2405351,0.0141422057566258,1.8517627162742363
2024-11-19 05:30:00,2845.0,2998.0,2845.0,2948.95,5230405,0.0358460079384592,1.9181410173019455
2024-11-21 05:30:00,2962.5,2974.0,2918.0,2936.25,3821808,-0.0043066176096575,1.9098803174190266
2024-11-22 05:30:00,2944.0,3063.5,2896.7,3012.95,4827125,0.0261217539378457,1.9597697411213812
